Don't Stop Believin',Journey
I Gotta Feeling,Black Eyed Peas
Cupid Shuffle,Cupid
Sexy And I Know It,Lmfao
Livin' On A Prayer,Bon Jovi
You Shook Me All Night Long,AC/DC
Gangnam Style,Psy
Brown Eyed Girl,"Morrison, Van"
Party Rock Anthem,Lmfao Feat. Lauren Bennett And Goon Rock
Sweet Caroline (Good Times Never Seemed So Good),"Diamond, Neil"
Call Me Maybe,"Jepsen, Carly Rae"
Cha Cha Slide,DJ Casper
Love Shack,B-52's
Moves Like Jagger,Maroon 5 Feat. Christina Aguilera
Single Ladies (Put A Ring On It),Beyonce
Pour Some Sugar On Me,Def Leppard
Twist And Shout,Beatles
Billie Jean,"Jackson, Michael"
We Found Love,Rihanna Feat. Calvin Harris
Yeah,Usher Feat. Ludacris & Lil' Jon
Raise Your Glass,Pink
Wobble,V.I.C.
Baby Got Back,Sir Mix-A-Lot
Hey Ya!,Outkast
Shout,Isley Brothers
Sweet Home Alabama,Lynyrd Skynyrd
Thrift Shop,Macklemore & Ryan Lewis Feat. Wanz
Friends In Low Places,"Brooks, Garth"
Sexyback,"Timberlake, Justin"
Marry You,"Mars, Bruno"
Just Dance,Lady Gaga Feat. Colby O'donis
Wonderful Tonight,"Clapton, Eric"
The Way You Look Tonight,"Sinatra, Frank"
We Are Family,Sister Sledge
My Girl,Temptations
Footloose,"Loggins, Kenny"
Marry Me,Train
Dynamite,"Cruz, Taio"
Celebration,Kool & The Gang
Ho Hey,Lumineers
Give Me Everything,"Pitbull Feat. Ne-Yo, Afrojack & Nayer"
At Last,"James, Etta"
I Wanna Dance With Somebody (Who Loves Me),"Houston, Whitney"
Old Time Rock & Roll,"Seger, Bob & The Silver Bullet Band"
Thriller,"Jackson, Michael"
Ice Ice Baby,Vanilla Ice
Dancing Queen,ABBA
Country Girl (Shake It For Me),"Bryan, Luke"
Good Feeling,Flo Rida
Don't Stop 'Til You Get Enough,"Jackson, Michael"
P.Y.T. (Pretty Young Thing),"Jackson, Michael"
Chicken Fried,"Brown Band, Zac"
Build Me Up Buttercup,Foundations
Can't Help Falling In Love,"Presley, Elvis"
We Are Young,Fun. Feat. Janelle Monae
Brick House,Commodores
Forever,"Brown, Chris"
Shots,Lmfao Feat. Lil Jon
Jump Around,House Of Pain
God Gave Me You,"Shelton, Blake"
Just The Way You Are,"Mars, Bruno"
Get Lucky,Daft Punk Feat. Pharrell Williams
What A Wonderful World,"Armstrong, Louis"
Firework,"Perry, Katy"
Play That Funky Music,Wild Cherry
Starships,"Minaj, Nicki"
Summer Of '69,"Adams, Bryan"
September,"Earth, Wind & Fire"
On The Floor,"Lopez, Jennifer Feat. Pitbull"
Cotton Eye Joe,Rednex
Save A Horse (Ride A Cowboy),Big & Rich
I'm Yours,"Mraz, Jason"
Electric Boogie (Electric Slide),"Griffiths, Marcia"
Wild Ones,Flo Rida Feat. Sia
Stayin' Alive,Bee Gees
Unchained Melody,Righteous Brothers
Y.M.C.A.,Village People
Don't Stop The Music,Rihanna
Come On Eileen,Dexy's Midnight Runners
The Way You Make Me Feel,"Jackson, Michael"
I Don't Want To Miss A Thing,Aerosmith
Low,Flo Rida Feat. T-Pain
This Is How We Do It,"Jordan, Montell"
Omg,Usher Feat. Will.I.Am
Blurred Lines,"Thicke, Robin Feat. Pharrell & T.I."
Party In The U.S.A.,"Cyrus, Miley"
Club Can't Handle Me,Flo Rida Feat. David Guetta
Push It,Salt-N-Pepa
Girls Just Want To Have Fun,"Lauper, Cyndi"
Feel So Close,"Harris, Calvin"
Can't Hold Us,Macklemore & Ryan Lewis Feat. Ray Dalton
Scream & Shout,Will.I.Am Feat. Britney Spears
What Makes You Beautiful,One Direction
Teach Me How To Dougie,California Swag District
Amazed,Lonestar
Crazy Little Thing Called Love,Queen
I Won't Give Up,"Mraz, Jason"
Jessie's Girl,"Springfield, Rick"
Let's Get It Started,Black Eyed Peas
Locked Out Of Heaven,"Mars, Bruno"
Poker Face,Lady Gaga
Wanted,"Hayes, Hunter"
Beat It,"Jackson, Michael"
Lucky,"Mraz, Jason & Colbie Caillat"
I Will Wait,Mumford & Sons
A Thousand Years,"Perri, Christina"
Bless The Broken Road,Rascal Flatts
Some Nights,Fun.
Hot In Herre,Nelly
Everything,"Buble, Michael"
The Twist,"Checker, Chubby"
Faithfully,Journey
Boom Boom Pow,Black Eyed Peas
Bust A Move,Young M.C.
Let's Stay Together,"Green, Al"
Crazy In Love,Beyonce Feat. Jay-Z
Better Together,"Johnson, Jack"
(I've Had) The Time Of My Life,"Medley, Bill & Jennifer Warnes"
Super Bass,"Minaj, Nicki"
Sweet Child O' Mine,Guns N' Roses
Boot Scootin' Boogie,Brooks & Dunn
U Can't Touch This,"Hammer, M.C."
Fly Me To The Moon,"Sinatra, Frank"
Red Solo Cup,"Keith, Toby"
DJ Got Us Fallin' In Love,Usher
Glad You Came,Wanted
I Love It,Icona Pop Feat. Charli Xcx
Only Girl (In The World),Rihanna
The Time (Dirty Bit),Black Eyed Peas
In Da Club,50 Cent
Stand By Me,"King, Ben E."
Titanium,"Guetta, David Feat. Sia"
Macarena,Los Del Rio
Feel This Moment,Pitbull Feat. Christina Aguilera
All Summer Long,Kid Rock
Like A Prayer,Madonna
One More Time,Daft Punk
Save The Last Dance For Me,"Buble, Michael"
Honey Bee,"Shelton, Blake"
Tik Tok,Ke$Ha
Are You Gonna Kiss Me Or Not,Thompson Square
She's Everything,"Paisley, Brad"
Rolling In The Deep,Adele
Make You Feel My Love,Adele
What I Like About You,Romantics
Right Round,Flo Rida Feat. Keisha
Come Away With Me,"Jones, Norah"
ABC,Jackson 5
Get The Party Started,Pink
Stuck Like Glue,Sugarland
Whistle,Flo Rida
Wagon Wheel,Old Crow Medicine Show
All You Need Is Love,Beatles
Get Down Tonight,KC & The Sunshine Band
All My Life,K-Ci & Jojo
Gettin' Jiggy Wit It,"Smith, Will"
My Wish,Rascal Flatts
Kiss,Prince
Empire State Of Mind,Jay-Z Feat. Alicia Keys
Gold Digger,"West, Kanye Feat. Jamie Foxx"
I Want You To Want Me,Cheap Trick
It's Your Love,"Mcgraw, Tim With Faith Hill"
Sex On Fire,Kings Of Leon
Suit & Tie,"Timberlake, Justin Feat. Jay-Z"
My Best Friend,"Mcgraw, Tim"
Pumped Up Kicks,Foster The People
Respect,"Franklin, Aretha"
Then,"Paisley, Brad"
Red Red Wine,UB40
"I Can't Help Myself (Sugar Pie, Honey Bunch)",Four Tops
Let's Get It On,"Gaye, Marvin"
Ring Of Fire,"Cash, Johnny"
White Wedding,"Idol, Billy"
Bad Romance,Lady Gaga
Take On Me,A-Ha
Grease Megamix,"Travolta, John & Olivia Newton-John"
Bottoms Up,Trey Songz Feat. Nicki Minaj
How Sweet It Is (To Be Loved By You),"Taylor, James"
Yeah 3x,"Brown, Chris"
Cruise,Florida-Georgia Line Feat. Nelly
The Humpty Dance,Digital Underground
(Everything I Do) I Do It For You,"Adams, Bryan"
Treasure,"Mars, Bruno"
Runaround Sue,Dion
Die Young,Ke$Ha
Life Is A Highway,Rascal Flatts
Ain't Too Proud To Beg,Temptations
Chicken Dance,Sorta Crackers Band
When A Man Loves A Woman,"Sledge, Percy"
Walk This Way,Aerosmith
Wannabe,Spice Girls
Bohemian Rhapsody,Queen
Mirrors,"Timberlake, Justin"
Let's Twist Again,"Checker, Chubby"
Last Friday Night (T.G.I.F.),"Perry, Katy"
Come Fly With Me,"Sinatra, Frank"
Forget You,"Green, Cee Lo"
You And Me,Lifehouse
Where Have You Been,Rihanna
Another One Bites The Dust,Queen
